[
    {
        "link": "https://www.linkedin.com/company/791023/",
        "image_src": "https://media.licdn.com/dms/image/C4D0BAQEIDNeDEq0AcQ/company-logo_100_100/0/1631328440100?e=1710374400&v=beta&t=BCF6wATMeU8wPnDuYR2LNICG3HAQchh6YcjaCoj-UcA",
        "image_alt": "Universit\u00e4tsklinikum Hamburg Eppendorf"
    },
    {
        "link": "https://www.linkedin.com/company/10849/",
        "image_src": "https://media.licdn.com/dms/image/C560BAQH2Hq1M1jR8IQ/company-logo_100_100/0/1630587938027/institut_pasteur_logo?e=1710374400&v=beta&t=5aoZTxu7m8ob5F11yGEtSZPJuFJ2dGImwokKLLj7vvU",
        "image_alt": "Institut Pasteur"
    },
    {
        "link": "https://www.linkedin.com/company/10987931/",
        "image_src": "https://media.licdn.com/dms/image/C4E0BAQFlZ75DVrCkiQ/company-logo_100_100/0/1630620051603/insilicotrials_logo?e=1710374400&v=beta&t=kj7ShHukAYL0SOMz_CKwKYqpzAVxIcdfci8pLI4p2d4",
        "image_alt": "InSilicoTrials"
    },
    {
        "link": "https://www.linkedin.com/company/3629/",
        "image_src": "https://media.licdn.com/dms/image/C560BAQHAtw6LesXG-w/company-logo_100_100/0/1631310791100?e=1710374400&v=beta&t=XfMi5tvlNceXWc-pi7Ef2s98QiJ3qq5gPKb9LpDRWe0",
        "image_alt": "KU Leuven"
    }
]